рубрика,исполнитель,песня,имя,ссылка,доп аккорды,id
детские песни,"из к/ф ""красная шапочка""",песня звездочета,,https://123.amdm.ru/akkordi/detskie_pesni/172710/pesenka_zvezdocheta_iz_kf_krasnaya_shapochka/,,wyu2yq
детские песни,"из к/ф ""красная шапочка""",песня красной шапочки (если долго-долго-долго),,https://123.amdm.ru/akkordi/pesni_iz_kino_i_multfilmov/14767/pesenka_krasnoy_shapochki_kf_pro_krasnuy_shapochku/,,sfc62b
детские песни,"из к/ф ""маленький мук""",дорога добра (спроси у жизни строгой),,https://123.amdm.ru/akkordi/pesni_iz_kino_i_multfilmov/94949/doroga_dobra_iz_kf_priklycheniya_malenkogo_muka/,,bq83tk
детские песни,"из к/ф ""мэри поппинс, до свиданья""",33 коровы,,https://123.amdm.ru/akkordi/pesni_iz_kino_i_multfilmov/102185/33_korovi_hf_meri_poppins_do_svidanya/,,um2e50
детские песни,"из к/ф ""мэри поппинс, до свиданья""",непогода,,https://123.amdm.ru/akkordi/pesni_iz_kino_i_multfilmov/14739/nepogoda_kf_meri_poppins_do_svidanya/,,rrh8f6
детские песни,"из к/ф ""мэри поппинс, до свиданья""",леди совершенство,,"https://123.amdm.ru/akkordi/pesni_iz_kino_i_multfilmov/176084/ledi_sovershenstvo_iz_kf_meri_poppins_do_svidaniya/#:~:text=Em%20Am%20Dm7%20G%20%D0%9C%D1%8D,E%20%D0%97%D0%BD%D0%B0%D1%82%D1%8C%2C%20%D1%87%D1%82%D0%BE%20%D1%8F%20%D0%B8%D0%B4%D0%B5%D0%B0%D0%BB.",,zu7wsq
детские песни,"из к/ф ""приключения электроника""","ты человек ты же сильный, смелый",,https://123.amdm.ru/akkordi/detskie_pesni/100878/ti_chelovek/,,eqbgxx
детские песни,"из к/ф ""приключения электроника""",до чего дошёл прогресс,,"https://123.amdm.ru/akkordi/pesni_iz_kino_i_multfilmov/15353/do_chego_doshel_progress_kf_priklycheniya_elektronika/#:~:text=Am%20%D0%94%D0%BE%20%D1%87%D0%B5%D0%B3%D0%BE%20%D0%B4%D0%BE%D1%88%D0%B5%D0%BB%20%D0%BF%D1%80%D0%BE%D0%B3%D1%80%D0%B5%D1%81%D1%81%2C%20Dm%20%D0%91%D1%8B%D0%BB%D0%BE%20%D0%B2%D1%80%D0%B5%D0%BC%D0%B5%D0%BD%D0%B8%20%D0%B2%20%D0%BE%D0%B1%D1%80%D0%B5%D0%B7,%D0%92%D0%BA%D0%B0%D0%BB%D1%8B%D0%B2%D0%B0%D1%8E%D1%82%20%D1%80%D0%BE%D0%B1%D0%BE%D1%82%D1%8B%2C%20%D0%B0%20%D0%BD%D0%B5%20%D1%87%D0%B5%D0%BB%D0%BE%D0%B2%D0%B5%D0%BA.",,znypd0
детские песни,"из к/ф ""приключения электроника""",крылатые качели,,https://123.amdm.ru/akkordi/pesni_iz_kino_i_myltfilmov/15374/krilatie_kacheli_kf_priklycheniya_elektronika/,,e5ls65
детские песни,"из м/ф ""бременские музыканты""",ничего на свете лучше нету,,https://123.amdm.ru/akkordi/pesni_iz_kino_i_multfilmov/174801/nichego_na_svete_luchshe_netu_mf_bremenskie_muzikanti/,,7gmgwv
детские песни,"из м/ф ""бременские музыканты""","говорят, мы бяки-буки",,https://123.amdm.ru/akkordi/pesni_iz_kino_i_myltfilmov/113840/govoryat_mi_byaki_buki_mf_bremenskie_muzikanti/,,jn1sub
детские песни,"из м/ф ""голубой щенок""",песня рыбы-пилы ,,https://123.amdm.ru/akkordi/aleksandr_gradskiy/161577/pesnya_ribi_pili/,,3d1zet
детские песни,"из м/ф ""голубой щенок""",ария голубого щенка (неужели из-за масти),,https://123.amdm.ru/akkordi/pesni_iz_kino_i_multfilmov/94460/pesnya_golubogo_schenka/,,r77p4f
детские песни,"из м/ф ""голубой щенок""",песня кота и пирата (я и ты такие разные),,https://meddiator.ru/pesnya-kota-i-pirata.html,,c7rbc9
детские песни,"из м/ф ""крокодил гена""",песня крокодила гены (пусть бегут неуклюже),,https://3akkorda.net/pust-begut-neuklyuzhe/,,23g7xf
детские песни,"из м/ф ""крокодил гена""",песня чебурашки ,,https://123.amdm.ru/akkordi/detskie_pesni/148149/pro_cheburashku/,,948fi3
детские песни,"из м/ф ""крокодил гена""",голубой вагон (медленно минуты уплывают в даль),,https://www.5lad.ru/akkordy/detskie-pesni/goluboj-vagon,,7tekfk
детские песни,миансарова,летка-енка (прыг-скок утром на лужок),тамара,https://lyricsworld.ru/Tamara-Miansarova/Letka-enka-645156.html,,vomutx
детские песни,сохадзе,оранжевая песенка,ирма,https://www.5lad.ru/akkordy/detskie-pesni/oranzhevaya-pesnya,,gb3xu3
детские песни,шаинский,учат в школе,владимир,http://www.notarhiv.ru/detskie/stranizi10/Chemuuchatvshkole.html,,iox1p0
детские песни,шаинский,чунга-чанга ,владимир,https://123.amdm.ru/akkordi/detskie_pesni/101370/chunga_changa/,,o5mgz0
детские песни,шаинский,если с другом вышел в путь,владимир,https://123.amdm.ru/akkordi/prikluchenia_elektronikov/5465/esli_s_drugom_vishel_v_put/,,f3iky9
детские песни,шаинский ,вместе весело шагать ,владимир,https://123.amdm.ru/akkordi/raznye_pesni/23731/vmeste_veselo_shagat/,,gk8lhb
детские песни,,пусть всегда будет (солнечный круг),,https://123.amdm.ru/akkordi/raznye_pesni/23538/pust_vsegda_budet_solnce/,,u6p93g
зарубежное,арди,le temps de lamour,франсуаза,https://tabs.ultimate-guitar.com/tab/1429385,,lny8b7
зарубежное,битлз,let it be,,https://123.amdm.ru/akkordi/beatles/147695/let_it_be/,,qgcrzj
зарубежное,битлз,obladi-oblada,,https://123.amdm.ru/akkordi/beatles/28344/ob_la_di_ob_la_da/,,uq3p4x
зарубежное,битлз,help,,https://123.amdm.ru/akkordi/beatles/4951/help/,,2wj5sq
зарубежное,битлз,all my loving,,https://123.amdm.ru/akkordi/beatles/784/all_my_loving/,,zfoyuc
зарубежное,битлз,michelle,,https://123.amdm.ru/akkordi/the_beatles/102165/michelle/,,vchqvh
зарубежное,битлз,hey jude,,https://123.amdm.ru/akkordi/the_beatles/2717/hey_jude/,,v7hkrh
зарубежное,битлз,yellow submarine,,https://123.amdm.ru/akkordi/the_beatles/90595/yellow_submarine/,,a5431m
зарубежное,битлз,yesterday,,https://123.amdm.ru/akkordi/the_beatles/93165/yesterday/,,h9xo9i
зарубежное,битлз,when i'm sixty four,,https://tabs.ultimate-guitar.com/tab/the-beatles/when-im-sixty-four-chords-436893,,rc7zx2
зарубежное,вайт страйпс,seven nation army ,,https://123.amdm.ru/akkordi/white_stripes/87722/seven_nation_army/,,jl53j3
зарубежное,веласкес торрес,besame mucho,консуэло,https://123.amdm.ru/akkordi/raznye_pesni/5656/besame_mucho/,,iulqn6
зарубежное,гоголь борделло,start wearing purple,,https://tabs.ultimate-guitar.com/tab/gogol-bordello/start-wearing-purple-chords-688719,,xwsgam
зарубежное,джон,yellow brick road,элтон,https://123.amdm.ru/akkordi/elton_john/104328/goodbye_yellow_brick_road/,,wg4les
зарубежное,джон,can you feel the love tonight,элтон,https://123.amdm.ru/akkordi/elton_john/51120/can_you_feel_the_love_tonight/,,toi3yo
зарубежное,джон,your song,элтон,https://123.amdm.ru/akkordi/elton_john/51182/your_song/,,f1rino
зарубежное,"из к/ф ""звуки музыки""",favourite things,,https://123.amdm.ru/akkordi/pesni_iz_kino_i_multfilmov/139577/my_favorite_things_ost_sound_of_music/,,ymsbrm
зарубежное,"из рок-оперы ""иисус христос суперзвезда""","i don't know, how to love him",,https://mytabs.ru/akkordy/h/helen-reddy/i-dont-know-how-to-love-him-2_188019.html,,kn589i
зарубежное,илвис,what does the fox say?,,https://123.amdm.ru/akkordi/ylvis/141701/what_does_the_fox_say/,,wzlqc9
зарубежное,кисс,i was made for loving you baby,,https://123.amdm.ru/akkordi/kiss/137579/i_was_made_for_lovin_you/,,uqxk3a
зарубежное,леди гага ,poker face ,,https://123.amdm.ru/akkordi/lady_gaga/97388/poker_face/,,fijbnd
зарубежное,пиксис,where is my mind?,,https://123.amdm.ru/akkordi/pixies/70865/where_is_my_mind/,,uep3q3
зарубежное,пинк флойд,another brick in the wall (we don't need no education),,https://123.amdm.ru/akkordi/pink_floyd/17289/another_brick_in_the_wall_pt_2/,,fyhafa
зарубежное,рыбак,fairytale,александр,https://123.amdm.ru/akkordi/aleksandr_ribak/103035/fairytale/,,ro2y18
зарубежное,стромае,tout les memes ,,https://123.amdm.ru/akkordi/stromae/106815/tous_les_memes/,,mqqx83
зарубежное,стромае,алёна даст,,https://123.amdm.ru/akkordi/stromae/112042/alors_on_danse/,,vcv437
зарубежное,стрэнглерс,golden brown ,,https://123.amdm.ru/akkordi/stranglers/81549/golden_brown/,,3ts2jc
зарубежное,фиджеральд,dream a little dream of me,элла,https://123.amdm.ru/akkordi/ella_fitzgerald/136230/dream_a_little_dream_of_me/,,3falob
зарубежное,чарльз,hit the road jack,рэй,https://123.amdm.ru/akkordi/charles_ray/106641/hit_the_road_jack/,,od7p01
разное,"из к/ф ""цвет черемухи""",я назову тебя зоренькой,,https://123.amdm.ru/akkordi/igor_nikolaev/107208/ya_nazovu_tebya_zorenkoy/,,aed0j8
разное,,бублички,,http://akkordbard.ru/poispolnitelem/863-narodnye-pesni/71950-bublichki,,koah4e
разное,,цыпленок жареный,,https://123.amdm.ru/akkordi/andrey_makarevich/123334/ciplyonok_zhareniy/,,5lp2lm
разное,,мурка,,https://123.amdm.ru/akkordi/blatnye_pesni/15152/murka/,,nq1skl
разное,,сулико,,https://123.amdm.ru/akkordi/kalevala/126484/ti_zh_mene_pidmanula/,,p55vik
разное,,ты ж мэнэ пидманула,,https://123.amdm.ru/akkordi/kalevala/126484/ti_zh_mene_pidmanula/,,enfjj5
разное,,за окном черемуха колышется,,https://123.amdm.ru/akkordi/nadezhda_kadisheva/177647/pod_oknom_cheryomuha_kolishetsya/,,4stfbl
разное,,вот кто-то с горочки спустился,,"https://123.amdm.ru/akkordi/narodnye_i_zastolnye_pesni/102334/vot_kto_to_s_gorochki_spustilsya/#:~:text=%D0%B8%20%D0%B7%D0%B0%D1%81%D1%82%D0%BE%D0%BB%D1%8C%D0%BD%D1%8B%D0%B5%20%D0%BF%D0%B5%D1%81%D0%BD%D0%B8-,%D0%9D%D0%B0%D1%80%D0%BE%D0%B4%D0%BD%D1%8B%D0%B5%20%D0%B8%20%D0%B7%D0%B0%D1%81%D1%82%D0%BE%D0%BB%D1%8C%D0%BD%D1%8B%D0%B5%20%D0%BF%D0%B5%D1%81%D0%BD%D0%B8%20%2D%20%D0%92%D0%BE%D1%82%20%D0%BA%D1%82%D0%BE,%D1%82%D0%BE%20%D1%81%20%D0%B3%D0%BE%D1%80%D0%BE%D1%87%D0%BA%D0%B8%20%D1%81%D0%BF%D1%83%D1%81%D1%82%D0%B8%D0%BB%D1%81%D1%8F%2C%20%D0%B0%D0%BA%D0%BA%D0%BE%D1%80%D0%B4%D1%8B&text=Am%20E7%20Am%20E7%20Am,%D0%9E%D0%BD%D0%B0%20%D1%81%20%D1%83%D0%BC%D0%B0%20%D0%BC%D0%B5%D0%BD%D1%8F%20%D1%81%D0%B2%D0%B5%D0%B4%D0%B5%D1%82.",,gbbern
разное,,коробейники,,https://123.amdm.ru/akkordi/narodnye_i_zastolnye_pesni/139487/korobeyniki/,,ynn8ir
разное,,"каким ты был, таким остался",,"https://123.amdm.ru/akkordi/narodnye_i_zastolnye_pesni/14279/kakim_ti_bil/#:~:text=A7%20Dm%20Gm%20A7%20Dm,%D0%A7%D1%82%D0%BE%20%D0%BD%D0%B5%D1%82%D1%83%20%D1%81%D0%B8%D0%BB%20%D1%82%D0%B5%D0%B1%D1%8F%20%D0%B7%D0%B0%D0%B1%D1%8B%D1%82%D1%8C.",,zpwcku
разное,,виновата ли я,,https://123.amdm.ru/akkordi/narodnye_i_zastolnye_pesni/144691/vinovata_li_ya/,,fedrvp
разное,,ой то не вечер,,"https://123.amdm.ru/akkordi/narodnye_i_zastolnye_pesni/166044/oy_to_ne_vecher/#:~:text=Am%20E%20%D0%9E%D0%B9%2C%20%D1%82%D0%BE%20%D0%BD%D0%B5%20%D0%B2%D0%B5%D1%87%D0%B5%D1%80.,%D0%9E%D1%85%2C%20%D0%B4%D0%B0%20%D0%B2%D0%BE%20%D1%81%D0%BD%D0%B5%20%D0%BF%D1%80%D0%B8%D0%B2%D0%B8%D0%B4%D0%B5%D0%BB%D0%BE%D1%81%D1%8C.",,4s59jd
разное,,чёрный ворон,,https://123.amdm.ru/akkordi/narodnye_i_zastolnye_pesni/173363/cherniy_voron/,,bvrtrr
разное,,мой костёр в тумане светит,,https://123.amdm.ru/akkordi/narodnye_i_zastolnye_pesni/192981/moy_koster_v_tumane_svetit/,,2j6jzz
разное,,ой цветёт калина в поле у ручья,,https://123.amdm.ru/akkordi/narodnye_i_zastolnye_pesni/24295/oy_cvetet_kalina/,,isecsd
разное,,валенки ,,https://123.amdm.ru/akkordi/narodnye_i_zastolnye_pesni/90410/valenki/,,2ntsoj
разное,,миленький ты мой,,https://123.amdm.ru/akkordi/narodnye_i_zastolnye_pesni/90482/milenkiy_ti_moy/,,bmp7pa
разное,,крутится вертится шар голубой,,"https://123.amdm.ru/akkordi/pesni_iz_kino_i_multfilmov/146541/krutitsya_vertitsya_shar_goluboy_kf_trilogiya_o_maksime/#:~:text=%D0%B1%D0%B0%D1%80%D1%8B%D1%88%D0%BD%D1%8E%20%D1%85%D0%BE%D1%87%D0%B5%D1%82%20%D1%83%D0%BA%D1%80%D0%B0%D1%81%D1%82%D1%8C.-,Am%20%D0%9A%D1%80%D1%83%D1%82%D0%B8%D1%82%D1%81%D1%8F%2C%20%D0%B2%D0%B5%D1%80%D1%82%D0%B8%D1%82%D1%81%D1%8F%20%D1%88%D0%B0%D1%80%20%D0%B3%D0%BE%D0%BB%D1%83%D0%B1%D0%BE%D0%B9%2C%20Dm%20Am%20%D0%9A%D1%80%D1%83%D1%82%D0%B8%D1%82%D1%81%D1%8F%2C%20%D0%B2%D0%B5%D1%80%D1%82%D0%B8%D1%82%D1%81%D1%8F,A7%20%D0%91%D0%B0%D1%80%D1%8B%D1%88%D0%BD%D1%8E%20%D0%B2%D0%B8%D0%B4%D0%BD%D0%BE%20%D0%BF%D1%80%D0%B8%D0%B4%D1%91%D1%82%D1%81%D1%8F%20%D1%83%D0%BA%D1%80%D0%B0%D1%81%D1%82%D1%8C.",,rahmbm
разное,,москва златоглавая (конфетки бараночки),,https://mytabs.ru/akkordy/v-r/vladimir-troshin/moskva-zlatoglavaya_360862.html,,1j0d9w
разное,,очи чёрные,,https://123.amdm.ru/akkordi/narodnye_i_zastolnye_pesni/92490/ochi_chernie/,,c7h63x
русская поп-музыка,агузарова,луч,жанна,http://akkordbard.ru/poispolnitelem/528-aguzarova/83150-luch,,x7pxk3
русская поп-музыка,агутин,на сиреневой луне,леонид,https://muzland.ru/songs.html?auth=68&song=24,,7ztx78
русская поп-музыка,агутин,ай-ай-ай,леонид,https://www.5lad.ru/akkordy/leonid-agutin/aj-aj-aj,,aqmsfn
русская поп-музыка,айова,маршрутка ,,https://123.amdm.ru/akkordi/iowa/163622/marshrutka/,,q4im0q
русская поп-музыка,аллегрова,младший лейтенант,ирина,https://123.amdm.ru/akkordi/allegrova_irina/144650/mladshiy_leytenant/,,uhxkig
русская поп-музыка,аллегрова ,шальная императрица ,ирина,https://123.amdm.ru/akkordi/irina_alegrova/116636/imperatrica/,,p15pmv
русская поп-музыка,анциферова,ищу тебя (всегда быть рядом не могут люди),татьяна,https://123.amdm.ru/akkordi/pesni_iz_kino_i_multfilmov/15334/vsegda_bit_ryadom_kf_31_iynya/,,iqf9ib
русская поп-музыка,белорусских,мокрые кросы,тима,https://123.amdm.ru/akkordi/tima_belorusskih/165225/mokrie_krossi/,,5zffb9
русская поп-музыка,белорусских,незабудка,тима,https://123.amdm.ru/akkordi/tima_belorusskih/166136/nezabudka/,,3re6y7
русская поп-музыка,билан,невозможное возможно,дима,https://123.amdm.ru/akkordi/bilan_dima/91825/nevozmozhnoe_vozmozhno/,,bqqfon
русская поп-музыка,билан,мечтатели,дима,https://123.amdm.ru/akkordi/dima_bilan/112338/mechtateli/,,qpn2hr
русская поп-музыка,билан,believe me ,дима,https://123.amdm.ru/akkordi/dima_bilan/92859/belive_me/,,7jxbil
русская поп-музыка,блестящие,а я всё летала,,https://123.amdm.ru/akkordi/blestaschie/23209/a_ya_vse_letala/,,cw9mwo
русская поп-музыка,блестящие,восточные сказки,,https://123.amdm.ru/akkordi/blestaschie/90747/vostochnie_skazki/,,75otd1
русская поп-музыка,бузова,под звуки поцелуев,ольга,https://123.amdm.ru/akkordi/olga_buzova/153596/pod_zvuki_poceluev/,,gv2m0t
русская поп-музыка,буланова,не плачь,татьяна,https://123.amdm.ru/akkordi/tatyana_bulanova/3181/ne_plach/,,ijnuss
русская поп-музыка,бумбокс,вахтёрам (я помню белые обои),,https://123.amdm.ru/akkordi/bumboks/92370/vahteram/,,a6ej62
русская поп-музыка,бумбокс ,на 8-м этаже,,https://123.amdm.ru/akkordi/bumboks/115505/hottabich_dzhin_na_vosmom_etazhe/,,ut8l1a
русская поп-музыка,ваенга,снова стою одна,елена,http://akkordbard.ru/poispolnitelem/133-vaenga-elena/58548-snova-kuryu-mama,,hgk8fi
русская поп-музыка,виа гра,притяженья больше нет (сто шагов назад),,https://123.amdm.ru/akkordi/via_gra/167869/sto_shagov_nazad_prityazhenya_bolshe_net/,,jrrsr7
русская поп-музыка,виа гра,попытка №5,,https://123.amdm.ru/akkordi/via_gra/5088/popitka_5/,,gkrpta
русская поп-музыка,витас,опера #2,,https://123.amdm.ru/akkordi/vitas/4736/opera_2/,,0aupzv
русская поп-музыка,гаязовс бразерс,малиновая лада,,https://123.amdm.ru/akkordi/gayazov_brother/187054/malinovaya_lada/,,c5zheu
русская поп-музыка,глюк'oza,ненавижу,,https://123.amdm.ru/akkordi/glukoza/14829/nenavizhu/,,13fpyb
русская поп-музыка,глюк'oza,"невеста (я буду вместо, вместо, вместо неё)",,https://123.amdm.ru/akkordi/glukoza/14840/nevesta/,,8uyini
русская поп-музыка,гнатюк,птица счастья (завтрашнего дня),николай,"https://123.amdm.ru/akkordi/dobri_molodci/137467/ptica_schastya/#:~:text=E%20Am%20%D0%9F%D1%82%D0%B8%D1%86%D0%B0%20%D1%81%D1%87%D0%B0%D1%81%D1%82%D1%8C%D1%8F%20%D0%B7%D0%B0%D0%B2%D1%82%D1%80%D0%B0%D1%88%D0%BD%D0%B5%D0%B3%D0%BE,%D0%97%D0%B0%D0%B2%D1%82%D1%80%D0%B0%20%D0%B1%D1%83%D0%B4%D0%B5%D1%82%20%D0%BB%D1%83%D1%87%D1%88%D0%B5%2C%20%D1%87%D0%B5%D0%BC%20%D0%B2%D1%87%D0%B5%D1%80%D0%B0.",,t8wpd1
русская поп-музыка,градусы,режиссер (враг мой бойся меня),,https://123.amdm.ru/akkordi/gradusy/129844/rezhisser/,,rfhqfo
русская поп-музыка,дискотека авария,небо,,https://123.amdm.ru/akkordi/diskoteka_avaria/89694/nebo/,,2788ar
русская поп-музыка,дэд блонд,мальчик на девятке,,https://123.amdm.ru/akkordi/dead_blonde/182491/malchik_na_devyatke/,,0f6sjb
русская поп-музыка,зарубина,на теплоходе музыка играет ,ольга,https://meddiator.ru/apina-na-teploxode-muzyka-igraet.html,,ub345t
русская поп-музыка,звери,районы кварталы,,https://123.amdm.ru/akkordi/zveri/23675/rayoni_kvartali/,,p2gpfm
русская поп-музыка,земфира,прогулка (случайно падали звёзды),,https://123.amdm.ru/akkordi/zemfira/101834/progulka/,,p4djh1
русская поп-музыка,земфира,лондон (зверь одиночка),,https://123.amdm.ru/akkordi/zemfira/122998/london/,,d1ldvp
русская поп-музыка,земфира,не отпускай,,https://123.amdm.ru/akkordi/zemfira/3139/ne_otpuskay/,,s0khwx
русская поп-музыка,земфира,искала,,https://123.amdm.ru/akkordi/zemfira/4833/iskala/,,qf04mn
русская поп-музыка,земфира,хочешь?,,https://123.amdm.ru/akkordi/zemfira/89380/hochesh/,,uq31is
русская поп-музыка,иванушки international,тучи,,https://123.amdm.ru/akkordi/ivanyshki_international/1425/tuchi/,,438ykj
русская поп-музыка,иванушки international,тополиный пух,,https://123.amdm.ru/akkordi/ivanyshki_international/158249/topoliniy_puh/,,3piflk
русская поп-музыка,киркоров,"снег (если хочешь идти, иди)",филипп,https://123.amdm.ru/akkordi/filipp_kirkorov/100543/sneg/,,uhkw99
русская поп-музыка,киркоров,цвет настроения синий,филипп,https://123.amdm.ru/akkordi/filipp_kirkorov/163782/cvet_nastroeniya_siniy/,,nx7dzh
русская поп-музыка,киркоров,жестокая любовь,филипп,https://123.amdm.ru/akkordi/filipp_kirkorov/23790/zhestokaya_lybov/,,yxm9w3
русская поп-музыка,киркоров,просто подари,филипп,https://123.amdm.ru/akkordi/filipp_kirkorov/93814/prosto_podari/,,8kiba1
русская поп-музыка,колибри,жёлтый лист осенний,,https://123.amdm.ru/akkordi/kolibri/3860/zheltiy_list_osenniy/,,puevvv
русская поп-музыка,комбинация,американ бой,,https://123.amdm.ru/akkordi/kombinatsiya/122182/american_boy/,,z31fdc
русская поп-музыка,комбинация,бухгалтер,,https://123.amdm.ru/akkordi/kombinatsiya/139441/buhgalter/,,vdx1n2
русская поп-музыка,корнелюк,"город, которого нет (там для меня горит очаг)",игорь,"https://123.amdm.ru/akkordi/igor_korneluk/4459/gorod_kotorogo_net_kf_banditskiy_peterburg/#:~:text=%D0%B3%D0%BE%D1%80%D0%BE%D0%B4%2C%20%D0%BA%D0%BE%D1%82%D0%BE%D1%80%D0%BE%D0%B3%D0%BE%20%D0%BD%D0%B5%D1%82.-,Chorus%3A%20Em%20Am%20%D0%A2%D0%B0%D0%BC%20%D0%B4%D0%BB%D1%8F%20%D0%BC%D0%B5%D0%BD%D1%8F%20%D0%B3%D0%BE%D1%80%D0%B8%D1%82%20%D0%BE%D1%87%D0%B0%D0%B3%2C%20Am%20(,%D0%98%20%D1%8D%D1%82%D0%BE%D1%82%20%D1%88%D0%B0%D0%B3%20%D0%B4%D0%BB%D0%B8%D0%BD%D0%BD%D0%B5%D0%B5%20%D0%B6%D0%B8%D0%B7%D0%BD%D0%B8.",,rk3d4x
русская поп-музыка,костюшкин,"женщина, я не танцую",стас,https://123.amdm.ru/akkordi/a_dessa/107150/zhenschini_ya_ne_tancuy/,,d6nftm
русская поп-музыка,крем сода,никаких больше вечеринок,,https://123.amdm.ru/akkordi/cream_soda/169611/nikakih_bolshe_vecherinok/,,vq0c5y
русская поп-музыка,крид (feat. molly),если ты меня не любишь,егор,https://123.amdm.ru/akkordi/egor_krid/161553/esli_ti_menya_ne_lybish_ft_molly/,,bcx6zw
русская поп-музыка,ласковый май,седая ночь,,https://123.amdm.ru/akkordi/laskovii_mai/125712/sedaya_noch/,,hzpckz
русская поп-музыка,лель,муси-пуси,катя,https://123.amdm.ru/akkordi/kata_lel/102733/musi_pusi/,,x5owta
русская поп-музыка,лель,мой мармеладный (попробуй джага-джага),катя,https://123.amdm.ru/akkordi/kata_lel/13505/moy_marmeladniy/,,pkkrg2
русская поп-музыка,леонидов,девочка-виденье (я обернулся посмотреть),максим,https://123.amdm.ru/akkordi/maksim_leonidov/6112/devochka_videne/,,rwbpus
русская поп-музыка,леонтьев,дельтаплан,валерий,https://123.amdm.ru/akkordi/leontev_valerii/101103/polyot_na_deltaplane/,,dxizpu
русская поп-музыка,леонтьев,ярмарки-краски,валерий,https://123.amdm.ru/akkordi/leontev_valerii/120161/yarmarki_kraski/,,glia4b
русская поп-музыка,леприконсы,"хали-гали, паратрупер",,https://123.amdm.ru/akkordi/leprikonsi/5120/hali_gali_paratruper/,,iwf35c
русская поп-музыка,лепс,рюмка водки,григорий,https://123.amdm.ru/akkordi/grigoriy_leps/90309/rymka_vodki_na_stole/,,b60uwh
русская поп-музыка,лепс (feat. валерий меладзе),обернитесь,григорий,https://123.amdm.ru/akkordi/grigoriy_leps/102822/obernites_ft_valeriy_meladze/,,rquu6v
русская поп-музыка,лоза,плот,юрий,https://123.amdm.ru/akkordi/urii_loza/138464/plot/,,wzkvsv
русская поп-музыка,любэ,берёзы (отчего так в россии),,https://123.amdm.ru/akkordi/lyubeh/95918/berezi/,,frm1yr
русская поп-музыка,любэ ,комбат,,https://123.amdm.ru/akkordi/lyubeh/3353/kombat/,,hruyes
русская поп-музыка,любэ ,конь (выйду ночью),,https://123.amdm.ru/akkordi/lyubeh/3757/kon/,,n0zrtz
русская поп-музыка,макsим,вдоль ночных дорог,,https://123.amdm.ru/akkordi/maksim/101853/znaesh_li_ti/,,px7tya
русская поп-музыка,макsим,трудный возраст,,https://123.amdm.ru/akkordi/maksim/161183/trudniy_vozrast/,,i0h02t
русская поп-музыка,маркин,я готов целовать песок,владимир,https://123.amdm.ru/akkordi/vladimir_markin/608/ya_gotov_celovat_pesok/,,yn1ibd
русская поп-музыка,меладзе,"салют, вера!",валерий,https://123.amdm.ru/akkordi/meladze_valerii/101894/salyt_vera/,,k220o1
русская поп-музыка,меладзе,самба белого мотылька,валерий,https://123.amdm.ru/akkordi/meladze_valerii/141579/samba_belogo_motilka/,,569mdi
русская поп-музыка,меладзе,красиво ты вошла в мою грешную жизнь,валерий,https://123.amdm.ru/akkordi/meladze_valerii/5640/krasivo/,,tt5hff
русская поп-музыка,михаил круг,владимирский централ,михаил ,https://123.amdm.ru/akkordi/mihail_krug/102195/vladimirskiy_central/,,c4xvhx
русская поп-музыка,мугу,чёрные глаза (вспоминаю — умираю),айдамир,https://123.amdm.ru/akkordi/aydamir_mugu/96677/chyornie_glaza/,,a6ssdd
русская поп-музыка,мумий тролль,владивосток 2000,,https://123.amdm.ru/akkordi/mumiy_troll/110247/vladivostok_2000/,,zr7reu
русская поп-музыка,мумий тролль,утекай,,https://123.amdm.ru/akkordi/mumiy_troll/3106/utekay/,,3su8es
русская поп-музыка,мы,возможно (мне придётся убить тебя),,https://123.amdm.ru/akkordi/mi_gruppa/175627/vozmozhno/,,mnznl3
русская поп-музыка,налич,guitar,пётр,https://123.amdm.ru/akkordi/petr_nalich/97015/guitar/,,qzqb6a
русская поп-музыка,нарцисс ,шоколадный заяц ,пьер,https://lifernb.ru/per-nartsiss-shokoladnyy-zayats-akkordy-dlya-gitary/,,pcyd28
русская поп-музыка,насыров,мальчик хочет в тамбов,марат,https://123.amdm.ru/akkordi/myrat_nasirov/107305/malchik_hochet_v_tambov/,,w697nv
русская поп-музыка,носков ,(я люблю тебя) это здорово,николай ,https://123.amdm.ru/akkordi/nikolay_noskov/202646/ehto_zdorovo/,,80uhdi
русская поп-музыка,пугачёва ,миллион алых роз,алла,https://123.amdm.ru/akkordi/alla_pugacheva/10070/million_alih_roz/,,xk2aes
русская поп-музыка,пугачёва ,арлекино,алла,"https://123.amdm.ru/akkordi/alla_pugacheva/104784/arlekino/#:~:text=Am%20%D0%9F%D0%BE%20%D0%BE%D1%81%D1%82%D1%80%D1%8B%D0%BC%20%D0%B8%D0%B3%D0%BB%D0%B0%D0%BC%20%D1%8F%D1%80%D0%BA%D0%BE%D0%B3%D0%BE,%D0%BB%D0%B5%20%2D%20%D0%BA%D0%B8%D0%BD%D0%BE%20%D0%90%D1%80%D0%BB%D0%B5%D0%BA%D0%B8%D0%BD%D0%BE%20E7%20Am",,2c7chk
русская поп-музыка,пугачёва ,айсберг,алла,https://123.amdm.ru/akkordi/alla_pugacheva/13582/aysberg/,,beoo20
русская поп-музыка,пугачёва ,позови меня с собой,алла,https://123.amdm.ru/akkordi/alla_pugacheva/171084/pozovi_menya_s_soboy/,,164877
русская поп-музыка,пугачёва ,этот мир придуман не нами,алла,https://123.amdm.ru/akkordi/alla_pugacheva/2530/etot_mir/,,87wo8h
русская поп-музыка,пугачёва ,а знаешь все еще будет,алла,https://123.amdm.ru/akkordi/alla_pugacheva/4543/vse_esche_budet/,,hephw3
русская поп-музыка,пугачёва ,любовь похожая на сон,алла,https://123.amdm.ru/akkordi/alla_pugacheva/90326/lybov_pohozhaya_na_son/,,vuhuyl
русская поп-музыка,пугачёва ,звездное лето,алла,https://123.amdm.ru/akkordi/alla_pugacheva/90675/zvezdnoe_leto/,,8qwz9g
русская поп-музыка,пугачёва (feat. максим галкин),будь или не будь,алла,https://123.amdm.ru/akkordi/alla_pugacheva/1857/bud_ili_ne_bud/,,wn00sf
русская поп-музыка,распутина (feat. киркоров),роза чайная ,маша,https://www.oduvanchik.net/view_song.php?id=21326,,3cek73
русская поп-музыка,ржевская,"когда я стану кошкой (наверное, в следующей жизни)",мария,"https://123.amdm.ru/akkordi/maria_rjevskaa/14150/kogda_ya_stanu_koshkoy/#:~:text=Am%20%D0%9D%D0%B0%D0%B2%D0%B5%D1%80%D0%BD%D0%BE%20%D0%B2%20%D1%81%D0%BB%D0%B5%D0%B4%D1%83%D1%8E%D1%89%D0%B5%D0%B9%20%D0%B6%D0%B8%D0%B7%D0%BD%D0%B8,Dm%20E%20%D0%93%D0%BB%D1%8F%D0%BD%D1%86%D0%B5%D0%B2%D0%BE%D0%B9%20%D1%83%D0%BB%D1%8B%D0%B1%D0%BA%D0%BE%D0%B9%20%D1%80%D0%B0%D1%81%D0%BF%D0%B8%D1%81%D0%B0%D1%82%D1%8C%D1%81%D1%8F.",,waai76
русская поп-музыка,ротару,только этого мало,софия,https://123.amdm.ru/akkordi/sofiya_rotaru/123280/tolko_etogo_malo/,,yvxu7d
русская поп-музыка,стрыкало ,всё решено ,валентин,https://123.amdm.ru/akkordi/valentin_strykalo/101524/vsyo_resheno/,,dl2ej3
русская поп-музыка,стрыкало ,наше лето (ялта август),валентин,https://123.amdm.ru/akkordi/valentin_strykalo/96904/nashe_leto/,,1gi5h8
русская поп-музыка,тату,покажи мне любовь,,https://123.amdm.ru/akkordi/taty/121203/ya_tvoya_ne_pervaya/,,x8sfc2
русская поп-музыка,трофимов,город сочи,сергей,https://123.amdm.ru/akkordi/trofim/92595/gorod_sochi/,,n4dkjb
русская поп-музыка,ума турман,девушка прасковья ,,https://123.amdm.ru/akkordi/umaturman/89630/praskovya/,,hq0ekj
русская поп-музыка,фриске,где-то летом звёзды нам улыбались,жанна,https://123.amdm.ru/akkordi/janna_friske/155849/gde_to_letom/,,fynkd7
русская поп-музыка,фриске,а на море белый песок,жанна,https://123.amdm.ru/akkordi/janna_friske/160736/a_na_more_beliy_pesok/,,0yiqj0
русская поп-музыка,шарлот,щека на щеку,,https://123.amdm.ru/akkordi/sharlot/171245/shcheka_na_shcheku/,,4kz8be
русская поп-музыка,шуфутинский ,3-е сентября,михаил ,https://123.amdm.ru/akkordi/mihail_shufutinskiy/97629/3_sentyabrya/,,9ollla
русский рок,аквариум,ну-ка мечи стаканы на стол,,"https://123.amdm.ru/akkordi/akvarium/90920/stakany/#:~:text=%D0%9F%D1%80%D0%B8%D0%BF%D0%B5%D0%B2%3A%20C%20%D0%9D%D1%83%2D%D0%BA%D0%B0%2C,C%20%D0%AF%20%D0%B3%D0%BE%D0%B2%D0%BE%D1%80%D1%8E%2C%20%D1%87%D1%82%D0%BE%20%D0%B1%D1%83%D0%B4%D1%83!",,c6yxsm
русский рок,аквариум,дубровский,,https://primanota.net/akvarium/dubrovskii.htm,,mdqvxy
русский рок,аквариум,город золотой,,https://primanota.net/akvarium/gorod-zolotoi.htm,,tuep4a
русский рок,аквариум ,рок-н-ролл мертв (а я ещё нет),,https://123.amdm.ru/akkordi/akvarium/89598/rok_n_roll_mertv/,,b7ik39
русский рок,алиса,небо славян,,https://123.amdm.ru/akkordi/alisa/91018/nebo_slavyan/,,nvw9ff
русский рок,ария,я свободен,,https://123.amdm.ru/akkordi/valerii_kipelov/93132/ya_svoboden/,,tp1jdg
русский рок,ария ,беспечный ангел ,,https://123.amdm.ru/akkordi/aria/4440/bespechniy_angel/,,6xc6wx
русский рок,аукцыон,дорога ,,https://123.amdm.ru/akkordi/auktsyon/1692/doroga/,,k2xebc
русский рок,аукцыон ,орландина ,,https://123.amdm.ru/akkordi/auktsyon/5844/orlandina/,,7v0ytj
русский рок,баста,сансара ,,https://123.amdm.ru/akkordi/basta/159636/sansara/,,v5ch67
русский рок,браво,старый отель,,https://123.amdm.ru/akkordi/bravo/3153/stariy_otel/,,cww9xo
русский рок,браво,жёлтые ботинки,,https://123.amdm.ru/akkordi/bravo/91490/zheltie_botinki/,,yfnl17
русский рок,браво,верю я,,https://123.amdm.ru/akkordi/bravo/92926/very_ya/,,hcp6wu
русский рок,браво,я то что надо,,https://123.amdm.ru/akkordi/valeriy_syutkin/95509/ya_to_chto_nado/,,uy2ktx
русский рок,братья грим,кустурица ,,https://123.amdm.ru/akkordi/bratya_grim/90126/kusturitsa/,,sk0c2m
русский рок,гражданская оборона,всё идёт по плану,,https://123.amdm.ru/akkordi/grazhdanskaya_oborona/91535/vse_idet_po_planu/,,k4j9gr
русский рок,ддт,последняя осень,,https://123.amdm.ru/akkordi/ddt/10667/v_poslednyy_osen/,,nlqnnz
русский рок,ддт,просвистела,,https://123.amdm.ru/akkordi/ddt/141678/prosvistela/,,efeyu3
русский рок,ддт,что такое осень?,,https://123.amdm.ru/akkordi/ddt/3054/chto_takoe_osen/,,aoetip
русский рок,ддт,летели облака,,https://123.amdm.ru/akkordi/ddt/5954/leteli_oblaka/,,9gpv7y
русский рок,ддт,это всё (что останется после меня),,https://123.amdm.ru/akkordi/ddt/92536/eto_vsyo/,,kikc22
русский рок,ещё никак,волна,,https://123.amdm.ru/akkordi/eschyo_nikak/188627/volna/,,y2pcmr
русский рок,ещё никак ,стоял значит ,,"https://123.amdm.ru/akkordi/eschyo_nikak/158609/ogni_goroda_stoyal_znachit/#:~:text=Gm%20C%20G%20Cm%20%D0%A1%D1%82%D0%BE%D1%8F%D0%BB,%2C%20%D0%BF%D0%B8%D1%82%D1%8C%20%D1%81%D0%BE%D0%BB%D0%B5%D0%BD%D1%83%D1%8E%20%D0%B2%D0%BE%D0%B4%D1%83%2C%20%D0%BA%D1%83%D1%80%D0%B8%D1%82%D1%8C!",,wfmuw0
русский рок,жуки,батарейка,,https://123.amdm.ru/akkordi/zhuki/167540/batareyka/,,5rwvsm
русский рок,звуки му,досуги-буги,,https://123.amdm.ru/akkordi/zvyki_my/93011/dosugi_bugi/,,mjsas7
русский рок,кино,"видели ночь, гуляли всю ночь до утра",,https://akkords.pro/songs/kino/videli-noch/,,wipk2c
русский рок,кино,бездельник #1,,https://chorder.ru/songs/kino/27-bezdelnik-akkordy,,85qyq8
русский рок,кино,алюминевые огурцы,,https://www.5lad.ru/akkordy/kino/alyuminievye-ogurtsy,,4nxerc
русский рок,кино,это не любовь,,https://www.5lad.ru/akkordy/kino/eto-ne-lyubov,,ufv7d3
русский рок,кино,группа крови,,https://www.5lad.ru/akkordy/kino/gruppa-krovi,,0ax5qe
русский рок,кино,перемен,,https://www.5lad.ru/akkordy/kino/khochu-peremen,,1pxtd3
русский рок,кино,кукушка,,https://www.5lad.ru/akkordy/kino/kukushka,,q7tjao
русский рок,кино,мама-анархия,,https://www.5lad.ru/akkordy/kino/mama-anarkhiya,,dd1qh3
русский рок,кино,пачка сигарет,,https://www.5lad.ru/akkordy/kino/pachka-sigaret,,2xd8nx
русский рок,кино,восьмиклассница,,https://www.5lad.ru/akkordy/kino/vosmiklassnitsa,,vpx8m2
русский рок,кино,звезда по имени солнце,,https://www.5lad.ru/akkordy/kino/zvezda-po-imeni-solntse,,7lpxav
русский рок,коммунизм,любви не миновать,,https://123.amdm.ru/akkordi/kommunizm/109403/lyubvi_ne_minovat/,,q7w7aq
русский рок,король и шут,прыгну со скалы,,https://123.amdm.ru/akkordi/korol_i_shut/100897/prignu_so_skali/,,6168y7
русский рок,король и шут,кукла колдуна,,https://123.amdm.ru/akkordi/korol_i_shut/23540/kukla_kolduna/,,8v3ofj
русский рок,ленинград ,www ,,https://123.amdm.ru/akkordi/leningrad/90038/www/,,ad9hmg
русский рок,летов,про дурачка,егор,https://123.amdm.ru/akkordi/grazhdanskaya_oborona/177173/pro_durachka/,,x2ajxy
русский рок,матвеева,зелёный чай,вера,https://www.oduvanchik.net/view_song.php?id=3640,,cugt51
русский рок,науменко,"прощай, детка",майк,https://123.amdm.ru/akkordi/maik_naymenko/105274/proschay_detka/,,oz0ddo
русский рок,наутилус помпилиус,дыхание,,https://123.amdm.ru/akkordi/bytysov_vacheslav/107497/dihanie/,,1dhqk4
русский рок,наутилус помпилиус,"гудбай, америка",,https://123.amdm.ru/akkordi/bytysov_vacheslav/13392/gud_bay_amerika/,,kd96q1
русский рок,наутилус помпилиус,хлоп-хлоп,,https://www.5lad.ru/akkordy/nautilus-pompilius/khlop-khlop,,k6ur4o
русский рок,наутилус помпилиус,крылья,,https://www.5lad.ru/akkordy/nautilus-pompilius/krylya,,sabnup
русский рок,наутилус помпилиус,прогулки по воде (видишь там на горе),,https://www.5lad.ru/akkordy/nautilus-pompilius/progulki-po-vode,,2p99gr
русский рок,наутилус помпилиус,скованные одной цепью,,https://www.5lad.ru/akkordy/nautilus-pompilius/skovannye-odnoj-tsepyu,,3euq7s
русский рок,наутилус помпилиус,я хочу быть с тобой,,https://www.5lad.ru/akkordy/nautilus-pompilius/ya-khochu-byt-s-toboj,,exvdnb
русский рок,ноль,песня о настоящем индейце,,https://123.amdm.ru/akkordi/nol/12552/pesnya_o_nastoyaschem_indeyce/,,pzhlmq
русский рок,ноль,я.л.ю.б.л.ю.т.е.б.я,,https://123.amdm.ru/akkordi/nol/174575/yalyblytebya/,,cdl78h
русский рок,ноль,улица ленина,,https://123.amdm.ru/akkordi/nol/24157/ulica_lenina/,,yxyowd
русский рок,ноль,"иду, курю",,https://123.amdm.ru/akkordi/nol/2706/idu_kury/,,mvegdn
русский рок,ноль,школа жизни,,https://123.amdm.ru/akkordi/nol/6059/shkola_zhizni/,,13qato
русский рок,ноль,человек и кошка,,https://123.amdm.ru/akkordi/nol/93459/chelovek_i_koshka/,,goo9pb
русский рок,океан ельзи ,без бою,,https://123.amdm.ru/akkordi/okean_elzi/91931/bez_boy/,,qb9p2w
русский рок,секрет,"ах, алиса",,https://123.amdm.ru/akkordi/sekret/11937/alisa/,,z42kkw
русский рок,секрет,последний час декабря,,https://123.amdm.ru/akkordi/sekret/18894/posledniy_chas_dekabrya/,,h6rxpu
русский рок,сплин,орбит без сахара,,https://123.amdm.ru/akkordi/splin/1379/orbit_bez_sahara/,,w6j28w
русский рок,сплин,моё сердце,,https://123.amdm.ru/akkordi/splin/4912/moe_serdce/,,gk4t3v
русский рок,трубецкой,в платье белом,ляпис,https://123.amdm.ru/akkordi/lapis_trybeckoi/188716/v_plate_belom/,,1e7d6w
русский рок,трубецкой,ау-ау-ау,ляпис,https://123.amdm.ru/akkordi/lapis_trybeckoi/4807/au/,,hf0yg2
русский рок,утро над вавилоном,в долгом поиске прекрасного далёка,,http://akkordbard.ru/poispolnitelem/2740-utro-nad-vavilonom/95972-utro-nad-vavilonom-v-dolgom-poiske,,wwf0do
русский рок,чайф,"бутылка кефира, полбатона",,https://123.amdm.ru/akkordi/chaif/136559/butilka_kefira_polbatona/,,mgq245
русский рок,чиж,поход (два ангела вперёд),,https://123.amdm.ru/akkordi/chizh/113338/pohod/,,8v2sd7
русский рок,чиж,фантом,,https://123.amdm.ru/akkordi/chizh/159398/fantom/,,1tvtna
русский рок,чиж,вечная молодость,,https://123.amdm.ru/akkordi/chizh/1683/vechnaya_molodost/,,f4ioht
русский рок,чиж,мышка (колыбельная хиппи),,https://123.amdm.ru/akkordi/chizh/89269/mishka/,,vlvld9
советские песни,бернес,с чего начинается родина,марк,"https://123.amdm.ru/akkordi/bernes_mark/128321/s_chego_nachinaetsya_rodina/#:~:text=Am%20E7%20Am%20Dm6%20%D0%A1,Dm6%20%D0%A1%20%D1%87%D0%B5%D0%B3%D0%BE%20%D0%BD%D0%B0%D1%87%D0%B8%D0%BD%D0%B0%D0%B5%D1%82%D1%81%D1%8F%20%D0%A0%D0%BE%D0%B4%D0%B8%D0%BD%D0%B0%3F",,g1nv0y
советские песни,бернес,тёмная ночь,марк,https://123.amdm.ru/akkordi/pesni_iz_kino_i_multfilmov/14579/temnaya_noch_mark_bernes_kf_dva_boyca/,,hdxs60
советские песни,бюль-бюль оглы,позвони скорей,Полад,https://123.amdm.ru/akkordi/polad_bylbyl_ogli/183970/pozvoni/,,qomy9g
советские песни,великанова,ландыши (ты сегодня мне принёс),гелена,https://123.amdm.ru/akkordi/nina_dorda/140656/landishi_svetlogo_maya_privet/,,zgnyd3
советские песни,веселые ребята,люди встречаются,виа,https://123.amdm.ru/akkordi/veselie_rebata/21123/lydi_vstrechaytsya/,,kh7zpc
советские песни,веселые ребята ,всё что в жизни есть у меня,виа,https://123.amdm.ru/akkordi/samocveti/97506/vse_chto_v_zhizni_est_u_menya/,,l1oeqi
советские песни,герман,надежда (светит незнакомая звезда),анна,https://123.amdm.ru/akkordi/anna_german/14861/nadezhda/,,9a58f0
советские песни,герман,город влюблённых людей,анна,https://123.amdm.ru/akkordi/anna_german/160397/gorod_vlyblennih_lydey/,,gjitbw
советские песни,герман,эхо любви,анна,https://123.amdm.ru/akkordi/anna_german/99316/mi_eho/,,r0bf2r
советские песни,голубые гитары,ветер северный,виа,https://123.amdm.ru/akkordi/golubie_gitari/135412/veter_severniy/,,vyccil
советские песни,земляне,трава у дома,,https://123.amdm.ru/akkordi/zemlane/745/trava_u_doma/,,wuteu9
советские песни,"и рок-оперы ""юнона и авось""",я тебя никогда не забуду,,https://123.amdm.ru/akkordi/unona_i_avos/136908/ya_tebya_nikogda_ne_zabudu/,,re0208
советские песни,"из к/ф ""17 мгновений весны""","грусть моя, ты покинь меня",иосиф кобзон,https://123.amdm.ru/akkordi/pesni_iz_kino_i_multfilmov/102745/pesnya_o_dalekoy_rodine/,,ogzv47
советские песни,"из к/ф ""17 мгновений весны""",мгновения,иосиф кобзон,https://123.amdm.ru/akkordi/pesni_iz_kino_i_multfilmov/14906/mgnoveniya_kf_17_mgnoveniy_vesni/,,3jpuok
советские песни,"из к/ф ""большое космическое приключение""",я тебе конечно верю ,,https://pro-gitaru.ru/ya-tebe-konechno-veryu/,,n9shht
советские песни,"из к/ф ""бриллиантовая рука""",остров невезения,андрей миронов,https://123.amdm.ru/akkordi/andrei_mironov/23982/ostrov_nevezeniya/,,11vdzi
советские песни,"из к/ф ""бриллиантовая рука""",песня про зайцев (а нам всё равно),юрий никулин,https://123.amdm.ru/akkordi/pesni_iz_kino_i_multfilmov/14760/pesenka_pro_zaycev_kf_brilliantovaya_ruka/,,46jtwi
советские песни,"из к/ф ""вам и не снилось""",последняя поэма (смерть побеждающий вечный закон),,https://123.amdm.ru/akkordi/alla/114119/poslednyaya_poema/,,io17ss
советские песни,"из к/ф ""весна на заречной улице""","когда весна придёт, не знаю (весна на заречной улице)",,"https://123.amdm.ru/akkordi/pesni_iz_kino_i_multfilmov/106761/vesna_na_zarechnoy_ulice/#:~:text=Am%20Em%20H%D0%BE%20%D1%82%D1%8B%20%D0%BC%D0%BD%D0%B5%2C%20%D1%83%D0%BB%D0%B8%D1%86%D0%B0%20%D1%80%D0%BE%D0%B4%D0%BD%D0%B0%D1%8F%2C%20B7%20Em%20%D0%98,B7%20Em%20%D0%A1%D0%B5%D0%BC%D1%8C%D1%8F%20%D0%B8%D1%81%D0%BF%D1%8B%D1%82%D0%B0%D0%BD%D0%BD%D1%8B%D1%85%20%D0%B4%D1%80%D1%83%D0%B7%D0%B5%D0%B9.",,h2zj9b
советские песни,"из к/ф ""гостья из будущего""",прекрасное далёко,,https://123.amdm.ru/akkordi/pesni_iz_kino_i_multfilmov/3018/prekrasnoe_daleko_kf_gostya_iz_buduschego/,,25zyft
советские песни,"из к/ф ""девчата""",старый клён,,https://123.amdm.ru/akkordi/pesni_iz_kino_i_multfilmov/14596/stariy_klen_kf_devchata/,,c94h4j
советские песни,"из к/ф ""дом, в котором живу""",тишина за рогожской заставою,,"https://123.amdm.ru/akkordi/pesni_iz_kino_i_multfilmov/132048/tishina_za_rogozhskoy_zastavoy_hf_dom_v_kotorom_ya_zhivu/#:~:text=Am%20Em%20F%20%D0%A2%D0%B8%D1%88%D0%B8%D0%BD%D0%B0%20%D0%B7%D0%B0,B7%20E7%20%D0%A1%D0%B5%D0%BC%D0%B8%D1%81%D1%82%D1%80%D1%83%D0%BD%D0%BD%D0%BE%D0%B9%20%D0%B3%D0%B8%D1%82%D0%B0%D1%80%D1%8B%20%D0%BC%D0%BE%D0%B5%D0%B9!",,ryglbp
советские песни,"из к/ф ""иван васильевич меняет профессию""",звенит январская вьюга,нина бродская,https://123.amdm.ru/akkordi/pesni_iz_kino_i_multfilmov/15365/zvenit_yanvarskaya_vyga_kf_ivan_vasilevich_menyaet_professiy/,,9toedh
советские песни,"из к/ф ""иван васильевич меняет профессию""",разговор со счастьем (вдруг как в сказке скрипнула дверь),,"https://123.amdm.ru/akkordi/pesni_iz_kino_i_multfilmov/14679/razgovor_so_schastem_kf_ivan_vasilevich_menyaet_professiy/#:~:text=Am%20E7%20%D0%9F%D1%80%D0%B8%D0%BF%D0%B5%D0%B2%3A%20%D0%92%D0%B4%D1%80%D1%83%D0%B3%2C%20%D0%BA%D0%B0%D0%BA,%D0%B7%D1%80%D1%8F%2C%20Am%20%D0%9D%D0%B5%20%D0%BD%D0%B0%D0%BF%D1%80%D0%B0%D1%81%D0%BD%D0%BE%20%D0%B1%D1%8B%D0%BB%D0%BE!",,u1gajn
советские песни,"из к/ф ""ирония судьбы""","мне нравится, что вы больны не мной",,https://123.amdm.ru/akkordi/marina_cvetaeva/186652/mne_nravitsya_chto_vi_bolni_ne_mnoy/,,7sfhr9
советские песни,"из к/ф ""ирония судьбы""",ария московского гостя (если у вас нету тети),,"https://123.amdm.ru/akkordi/nikitin_sergei/139269/esli_u_vas_netu_teti/#:~:text=Am%20E7%20Am%20%D0%95%D1%81%D0%BB%D0%B8%20%D1%83%20%D0%B2%D0%B0%D1%81%20%D0%BD%D0%B5%D1%82%D1%83%20%D1%82%D0%B5%D1%82%D0%B8%2C%20Dm%20G7,C%20A%20%D1%82%D1%80%D1%83%D0%B1%D0%B0%D1%87%20%D0%B2%D1%8B%D0%B4%D1%83%D0%B2%D0%B0%D0%B5%D1%82%20%D0%BC%D0%B5%D0%B4%D1%8C.",,a433vn
советские песни,"из к/ф ""ирония судьбы""",я спросил у ясеня,,https://123.amdm.ru/akkordi/nikitin_sergei/89389/ya_sprosil_u_yasenya/,,ruj2ha
советские песни,"из к/ф ""ирония судьбы""",на тихорецкую состав отправится,,https://123.amdm.ru/akkordi/pesni_iz_kino_i_multfilmov/14862/na_tihoreckuy_kf_ironiya_sudbi_ili_s_legkim_parom/,,51weq6
советские песни,"из к/ф ""кавказская пленница""",песенка о медведях (где-то на белом свете),,https://123.amdm.ru/akkordi/pesni_iz_kino_i_multfilmov/99660/pesenka_o_medvedyah_kf_kavkazskaya_plennica/,,4lrted
советские песни,"из к/ф ""карнавал""","позвони мне, позвони",,https://123.amdm.ru/akkordi/pesni_iz_kino_i_multfilmov/14725/pozvoni_mne_pozvoni_kf_karnaval/,,3qkgdb
советские песни,"из к/ф ""мэри поппинс, до свидания""",ветер перемен,,https://123.amdm.ru/akkordi/pesni_iz_kino_i_multfilmov/89656/veter_peremen_kf_meri_poppins_do_svidaniya/,,whpn2a
советские песни,"из к/ф ""неуловимые мстители""",песня неуловимых мстителей (бьют свинцовые ливни...),,https://123.amdm.ru/akkordi/pesni_iz_kino_i_multfilmov/89119/pesnya_neulovimih_mstiteley_kf_neulovimie_mstiteli/,,7i2v8e
советские песни,"из к/ф ""неуловимые мстители""",погоня (в горячей крови),,https://123.amdm.ru/akkordi/pesni_iz_kino_i_multfilmov/89125/pogonya_kf_novie_priklycheniya_neulovimih/,,n32bn3
советские песни,"из к/ф ""неуловимые мстители""",песня яшки-цыгана (спрячь за решётку),,https://123.amdm.ru/akkordi/vasiliy_vasilev/131575/pesnya_yashki_cigana/,,sufjkc
советские песни,"из к/ф ""операция ы и другие приключения шурика""","постой, паровоз",,https://123.amdm.ru/akkordi/pesni_iz_kino_i_multfilmov/130120/postoy_parovoz_ost_operaciya_i/,,hdjjjc
советские песни,"из к/ф ""пять вечеров""",губы окаянные,,https://123.amdm.ru/akkordi/ulii_kim/131660/gubi_okayannie/,,z4pv6n
советские песни,"из к/ф ""русское поле"" ","ой, мамочка",,"https://123.amdm.ru/akkordi/narodnye_i_zastolnye_pesni/187377/ah_mamochka/#:~:text=%D1%82%D1%8B%20%D0%B1%D1%8B%D0%BB%D0%B0%20%D0%BF%D1%80%D0%B0%D0%B2%D0%B0.-,Am%20%D0%90%D1%85%2C%20%D0%BC%D0%B0%D0%BC%D0%BE%D1%87%D0%BA%D0%B0%2C%20%D0%BD%D0%B0%20%D1%81%D0%B0%D0%BD%D0%BE%D1%87%D0%BA%D0%B0%D1%85%20G%20%D0%9A%D0%B0%D1%82%D0%B0%D0%BB%D0%B0%D1%81%D1%8C%20%D1%8F%20%D0%B2%D0%B5%D0%B7%D0%B4%D0%B5%2C,%D0%9A%D0%B0%D0%BA%20%D0%B6%D0%B5%20%D1%82%D1%8B%20%D0%B1%D1%8B%D0%BB%D0%B0%20%D0%BF%D1%80%D0%B0%D0%B2%D0%B0.",,yv8dhg
советские песни,"из к/ф ""чародеи""",снежинка,,https://123.amdm.ru/akkordi/charodei/5911/snezhinka/,,kybz2z
советские песни,"из к/ф ""чародеи""",три белых коня,,https://123.amdm.ru/akkordi/pesni_iz_kino_i_multfilmov/14569/tri_belih_konya_kf_charodei/,,kkjtqw
советские песни,"из м/ф ""бременские музыканты""",серенада трубадура (луч солнца золотого),муслим магомаев,https://123.amdm.ru/akkordi/gennadiy_gladkov/91258/luch_solnca_zolotogo/,,oo2lpn
советские песни,"из м/ф ""крошка енот""",улыбка (от улыбки станет всем светлей),,https://123.amdm.ru/akkordi/pesni_iz_multfilmov/135448/ot_ulibki/,,o07j8b
советские песни,"из м/ф ""трям здравствуйте""","облака, белогривые лошадки",,https://123.amdm.ru/akkordi/pesni_iz_kino_i_multfilmov/23146/oblaka_mf_ezhik_i_medvezhonok/,,bb5tfi
советские песни,к/ф коллеги,палуба ,,https://123.amdm.ru/akkordi/vladimir_markin/128002/paluba/,,6lbohu
советские песни,кельми,замыкая круг,крис,https://123.amdm.ru/akkordi/raznye_pesni/1035/zamikaya_krug/,,t51e1q
советские песни,кристаллинская,нежность (опустела без тебя земля),майя,https://123.amdm.ru/akkordi/anna_german/162417/nezhnost/,,dyychx
советские песни,кристаллинская,царевна-несмеяна (ты стоишь у окна),майя,https://123.amdm.ru/akkordi/vladimir_markin/1439/carevna_nesmeyana/,,14hmfq
советские песни,кристаллинская,первые шаги (топ-топ топает малыш),майя,https://www.oduvanchik.net/view_song.php?id=15092,,5etp65
советские песни,лейся песня,качается вагон,виа,https://123.amdm.ru/akkordi/vacheslav_dobrinin/115199/kachaetsya_vagon/,,9plbkw
советские песни,лещенко,ах эти чёрные глаза,пётр,https://123.amdm.ru/akkordi/petr_leschenko/160385/chernie_glaza/,,xlozgn
советские песни,лещенко,у самовара я и моя маша,пётр ,https://ru.guitarsongs.club/song/35750,,ldswsw
советские песни,лещенко ,"всё, что было",пётр,https://www.ackordofmine.ru/index/pjotr_leshhenko_vsjo_chto_bylo_akkordy_i_tekst_pesni/0-6695,,d72p05
советские песни,магомаев,лучший город земли (песня плывёт),муслим,https://123.amdm.ru/akkordi/muslim_magomaev/102625/luchshiy_gorod_zemli/,,nyhzxo
советские песни,магомаев,королева красоты,муслим,https://123.amdm.ru/akkordi/muslim_magomaev/9794/koroleva_krasoti/,,ay0frs
советские песни,магомаев,"о море, море",муслим,https://123.amdm.ru/akkordi/myslim_magomaev/135421/o_more_more_sinyaya_vechnost/,,qiqost
советские песни,макаров,последняя электричка,владимир,https://123.amdm.ru/akkordi/vladimir_makarov/129216/poslednyaya_elektrichka/,,16xl2d
советские песни,миансарова,рудерик (рыжик),тамара,https://textypesen.com/tamara-miansarova/ryzhik/,,yjuzcq
советские песни,мулерман,"хмуриться не надо, лада",вадим,https://www.oduvanchik.net/view_song.php?id=20598,,w2ed3j
советские песни,ободзинский,эти глаза напротив,валерий,https://123.amdm.ru/akkordi/valerii_obodzinskii/157299/eti_glaza_naprotiv/,,3g6s2u
советские песни,пахоменко,сегодня праздник у девчат,мария,https://pesni.guru/text/%D0%BC%D0%B0%D1%80%D0%B8%D1%8F-%D0%BF%D0%B0%D1%85%D0%BE%D0%BC%D0%B5%D0%BD%D0%BA%D0%BE-%D0%B4%D0%B5%D0%B2%D1%87%D0%B0%D1%82%D0%B0,,0yielr
советские песни,песняры,беловежская пуща,,https://123.amdm.ru/akkordi/pesnari/1510/belovezhskaya_puscha/,,o5vso4
советские песни,пламя,не надо печалиться,виа,https://123.amdm.ru/akkordi/samocveti/13440/ne_nado_pechalitsya/,,w6gmpf
советские песни,поющие гитары,сумерки,виа,https://www.ackordofmine.ru/index/via_pojushhie_gitary_sumerki_pravilnye_akkordy_pesni_tekst_boj_na_gitare/0-4369,,tisq86
советские песни,поющие сердца ,кто тебе сказал (каждый день каждый взгляд),виа,"https://123.amdm.ru/akkordi/pouschie_serdca/174064/kto_tebe_skazal/#:~:text=%D0%9F%D0%BE%D1%8E%D1%89%D0%B8%D0%B5%20%D1%81%D0%B5%D1%80%D0%B4%D1%86%D0%B0%20%2D%20%D0%9A%D1%82%D0%BE%20%D1%82%D0%B5%D0%B1%D0%B5%20%D1%81%D0%BA%D0%B0%D0%B7%D0%B0%D0%BB%2C%20%D0%B0%D0%BA%D0%BA%D0%BE%D1%80%D0%B4%D1%8B,-%D0%9F%D1%80%D0%BE%D0%BA%D1%80%D1%83%D1%82%D0%BA%D0%B0&text=Am%20F%20%D0%A5%D0%BE%D1%87%D0%B5%D1%88%D1%8C%2C%20%D1%8F%20%D0%B2,Am%20%D0%A2%D0%B2%D0%BE%D0%B9%20%D0%B2%20%D0%B4%D1%83%D1%88%D0%B5%20%D0%B1%D0%B5%D1%80%D0%B5%D0%B3%D1%83.",,6j5sjy
советские песни,самоцветы,мой адрес - советский союз,виа,https://123.amdm.ru/akkordi/samocveti/11320/moy_adres_sovetskiy_soyz/,,esmztl
советские песни,тенносаар,летка-енка (как-то ночью по пустой дороге),кальмер,https://123.amdm.ru/akkordi/garik_sykachev/110804/letka_enka/,,v38efp
советские песни,трошин,подмосковные вечера,владимир,https://123.amdm.ru/akkordi/vladimir_troshin/143221/podmoskovnie_vechera/,,47g8f9
советские песни,утёсов,утомлённое солнце,леонид,http://www.gitaristam.ru/accords/rus/theme/Kino/utomlennoe_solnce.text.htm,,zs73yx
советские песни,утёсов,дорогие москвичи,леонид,https://123.amdm.ru/akkordi/leonid_ytesov/159001/dorogie_moi_moskvichi/,,fhbr6w
советские песни,утёсов,мишка,леонид,"https://123.amdm.ru/akkordi/leonid_ytesov/167660/mishka_odessit/#:~:text=Dm%20Am%20%D0%92%D0%B5%D0%B4%D1%8C%20%D1%82%D1%8B%20%D0%BC%D0%BE%D1%80%D1%8F%D0%BA,%D0%9C%D0%BE%D0%BB%D0%BE%D0%B4%D0%B5%D0%BD%D1%8C%D0%BA%D0%B8%D0%B9%20%D0%BF%D0%B0%D1%80%D0%BD%D0%B8%D1%88%D0%BA%D0%B0%20%D0%B2%20%D0%B1%D1%83%D1%88%D0%BB%D0%B0%D1%82%D0%B8%D0%BA%D0%B5%20%D0%BC%D0%BE%D1%80%D1%81%D0%BA%D0%BE%D0%BC.",,oeug3m
советские песни,утёсов,"сердце, тебе не хочется покоя",леонид,https://123.amdm.ru/akkordi/leonid_ytesov/89877/kak_mnogo_devushek_horoshih/,,4eemhv
советские песни,утёсов,у чёрного моря,леонид,https://123.amdm.ru/akkordi/leonid_ytesov/95664/u_chernogo_morya/,,fgpew4
советские песни,утёсов,песня старого извозчика,леонид,https://123.amdm.ru/akkordi/raznye_pesni/4713/pesnya_starogo_izvozchika/,,fnf7nf
советские песни,утёсов,московские окна,леонид,https://123.amdm.ru/akkordi/raznye_pesni/6054/moskovskie_okna/,,cg84l2
советские песни,утёсов,джаз-болельщик,леонид,https://mirpesen.com/ru/utesov-leonid/dzhaz-bolel-shhik.html,,yumno1
советские песни,утёсов,случайный вальс,леонид,https://www.5lad.ru/akkordy/leonid-utesov/sluchajnyj-vals,,no1xaz
советские песни,утёсов,ленинградские мосты,леонид,https://www.ackordofmine.ru/index/leonid_utjosov_leningradskie_mosty_akkordy_k_pesne/0-9225,,kbp7kk
советские песни,утёсов,одесский порт,леонид,https://www.oduvanchik.net/view_song.php?id=8100,,imdgqg
советские песни,фрейндлих,у природы нет плохой погоды,алиса,"https://123.amdm.ru/akkordi/pesni_iz_kino_i_multfilmov/14549/u_prirodi_net_plohoy_pogodi_kf_sluzhebniy_roman/#:~:text=%D0%92%D1%81%D1%82%D1%83%D0%BF%D0%BB%D0%B5%D0%BD%D0%B8%D0%B5%3A%20Em%20Am%20B%20Em,E9%20%D0%92%20%D1%81%D0%B5%D1%80%D0%B4%D1%86%D0%B5%20%D0%BE%D0%B4%D0%B8%D0%BD%D0%BE%D1%87%D0%B5%D1%81%D1%82%D0%B2%D0%B0%20%D0%BF%D0%B5%D1%87%D0%B0%D1%82%D1%8C.",,7bwxqk
советские песни,френкель,август (скоро осень),ян,https://123.amdm.ru/akkordi/nina_brodskaya/125408/avgust/,,5p50l2
советские песни,френкель,"журавли (мне кажется порою, что солдаты)",ян,https://123.amdm.ru/akkordi/voennye_armeyskie_pesni/139374/mne_kazhetsya_poroy_chto_soldati/,,5aqya0
советские песни,ялла,учкудук,виа,https://123.amdm.ru/akkordi/yalla/100998/uchkuduk/,,6gtw1b
советские песни,,вечер на рейде (прощай любимый город),,https://123.amdm.ru/akkordi/vasiliy_petrovich_vorobjev-sedoy/165397/vecher_na_reyde_avtor_slov_aleksandr_churkin/,,uoxfk8
советские песни,утёсов,тайна (у меня есть сердце),леонид,https://123.amdm.ru/akkordi/leonid_utesov/102325/tayna/,,x46ebm
советские песни,северный,пьяненькая печаль,аркадий,,,qcondk
советские песни,северный,годы мчатся,аркадий,https://123.amdm.ru/akkordi/arkadiy_severnyy/102140/gody_mchatsya/,,eyoe19
советские песни,"из м/ф ""стойкий оловянный солдатик""","да, любимая, да",елена камбурова,https://123.amdm.ru/akkordi/kamburova_elena/107646/da_lybimaya_da/,,p6rdxp
советские песни,,на сопках манчжурии,,https://www.oduvanchik.net/view_song.php?id=10579,,z4djca
русская поп-музыка,любэ ,ты неси меня река,,https://123.amdm.ru/akkordi/lyubeh/90411/ty_nesi_menya_reka/,,zyb3p6
русская поп-музыка,любэ ,позови меня тихо по имени,,https://123.amdm.ru/akkordi/lyubeh/91477/pozovi_menya_tiho_po_imeni/,,z6yy0s
зарубежное,квин,who wants to live forever,,https://123.amdm.ru/akkordi/queen/16507/who_wants_to_live_forever/,,7n1dse
зарубежное,квин,i want to break free,,https://123.amdm.ru/akkordi/queen/101349/i_want_to_break_free/,,wia1m1
зарубежное,квин,love of my life,,https://123.amdm.ru/akkordi/queen/121426/love_of_my_life/,,rl42ne
зарубежное,квин,we are the champions,,https://123.amdm.ru/akkordi/queen/72219/we_are_the_champions/,,ts09ek
русский рок,трубецкой,капитал,ляпис,https://123.amdm.ru/akkordi/lyapis_trubetskoy/94055/kapital/,,heklxb
зарубежное,квин,show must go on,,https://123.amdm.ru/akkordi/queen/95587/the_show_must_go_on/,,gdvkcy
детские песни,"из м/ф ""летучий корабль""",песенка водяного,,https://123.amdm.ru/akkordi/raznye_pesni/23560/pesenka_vodyanogo/,,9be4hj
детские песни,"из м/ф ""летучий корабль""","ах, если бы сбылась моя мечта",,https://123.amdm.ru/akkordi/pesni_iz_multfilmov/108745/letuchiy_korabl_ah_esli_by_sbylas_moya_mechta/,,wbxy7v
советские песни,камбурова,вот опять окно,елена,https://mychords.net/ru/kamburova_e/165773-kamburova-elena-vot-opyat-okno.html,,5vx1dz
советские песни,камбурова,маленький принц,елена,https://123.amdm.ru/akkordi/kamburova_elena/90690/malenkiy_princ/,,wlqpgz
советские песни,северный,семь сорок,аркадий,https://123.amdm.ru/akkordi/arkadiy_severnyy/91963/sem_sorok/,,nvytn3
русская поп-музыка,маша и медведи,любочка,,https://123.amdm.ru/akkordi/masha_i_medvedi/1597/lybochka/,,kw0psm
русская поп-музыка,лепс,самый лучший день,григорий,https://123.amdm.ru/akkordi/grigoriy_leps/96369/samiy_luchshiy_den/,,5o9b8t
русская поп-музыка,натали,"о боже, какой мужчина!",,https://123.amdm.ru/akkordi/natali/102357/o_bozhe_kakoy_muzhchina/,,xyih00
русская поп-музыка,ёлка,прованс (уютное кафе),,https://123.amdm.ru/akkordi/elka/102407/provans/,,stnl97
русская поп-музыка,успенская,пропадаю я,любовь,https://123.amdm.ru/akkordi/lyubov_uspenskaya/141375/propaday_ya/,,ne0szh
русская поп-музыка,мираж,музыка нас связала,,https://123.amdm.ru/akkordi/mirazh/93508/muzika_nas_svyazala/,,8hnrhn